id,symbol,namebitcoin,Bitcoin,btcethereum,Ethereum,ethbinancecoin,Binance Coin,bnbtether,Tether,usdtcardano,Cardano,adasolana,Solana,solripple,XRP,xrppolkadot,Polkadot,dotshiba-inu,Shiba Inu,shibdogecoin,Dogecoin,dogeusd-coin,USD Coin,usdcterra-luna,Terra,lunawrapped-bitcoin,Wrapped Bitcoin,wbtcchainlink,Chainlink,linkavalanche-2,Avalanche,AVAXlitecoin,Litecoin,ltcbinance-usd,Binance USD,busdmatic-network,Polygon,maticuniswap,Uniswap,unialgorand,Algorand,algobitcoin-cash,Bitcoin Cash,bchcosmos,Cosmos,atomaxie-infinity,Axie Infinity,axsvechain,VeChain,vetstellar,Stellar,xlminternet-computer,Internet Computer,icpdai,Dai,daitron,TRON,trxftx-token,FTX Token,fttfantom,Fantom,ftmcompound-ether,cETH,ceththeta-token,Theta Network,thetafilecoin,Filecoin,filethereum-classic,Ethereum Classic,etchedera-hashgraph,Hedera,hbarstaked-ether,Lido Staked Ether,stethnear,Near,nearokb,OKB,okbcrypto-com-chain,Crypto.com Coin,crotezos,Tezos,xtzelrond-erd-2,Elrond,egldthe-graph,The Graph,grtmonero,Monero,xmreos,EOS,eosthorchain,THORChain,runepancakeswap-token,PancakeSwap,cakeaave,Aave,aaveflow,Flow,flowklay-token,Klaytn,klayolympus,Olympus,ohmcdai,cDAI,cdaiquant-network,Quant,qntcompound-usd-coin,cUSDC,cusdcecash,eCash,xecharmony,Harmony,oneiota,IOTA,miotakusama,Kusama,ksmhelium,Helium,hntbitcoin-cash-sv,Bitcoin SV,bsvsafemoon,SafeMoon,safemoonleo-token,LEO Token,leoneo,NEO,neobitcoin-cash-abc-2,Bitcoin Cash ABC,bchaterrausd,TerraUSD,ustwaves,Waves,wavesbittorrent-2,BitTorrent,bttarweave,Arweave,arhuobi-btc,Huobi BTC,hbtcmagic-internet-money,Magic Internet Money,mimdecentraland,Decentraland,manaenjincoin,Enjin Coin,enjamp-token,Amp,ampmaker,Maker,mkrsushi,Sushi,sushicelo,Celo,celoblockstack,Stacks,stxcurve-dao-token,Curve DAO Token,crvholotoken,Holo,hotcompound-governance-token,Compound,comptheta-fuel,Theta Fuel,tfuelomisego,OMG Network,omgdash,Dash,dashhavven,Synthetix Network Token,snxchiliz,Chiliz,chzzcash,Zcash,zeccelsius-degree-token,Celsius Network,celspell-token,Spell Token,spelldecred,Decred,dcrnem,NEM,xemnexo,NEXO,nexohuobi-token,Huobi Token,hticon,ICON,icxkucoin-shares,KuCoin Token,kcssecret,Secret,scrtecomi,ECOMI,omiqtum,Qtum,qtummina-protocol,Mina Protocol,minabasic-attention-token,Basic Attention Token,batzilliqa,Zilliqa,zilyearn-finance,yearn.finance,yfitrue-usd,TrueUSD,tusdosmosis,Osmosis,osmoyooshi,YooShi,yooshinxm,Nexus Mutual,nxmbitcoin-gold,Bitcoin Gold,btgxdce-crowd-sale,XDC Network,xdcthe-sandbox,The Sandbox,sandravencoin,Ravencoin,rvndogelon-mars,Dogelon Mars,elonwonderland,Wonderland,timeiostoken,IOST,iostrenbtc,renBTC,renbtctelcoin,Telcoin,telkadena,Kadena,kdarepublic-protocol,REN,renconvex-finance,Convex Finance,cvxbancor,Bancor Network Token,bntgatechain-token,GateToken,gtserum,Serum,srmpaxos-standard,Pax Dollar,usdpbitclout,Decentralized Social,desoperpetual-protocol,Perpetual Protocol,perpdydx,dYdX,dydxsiacoin,Siacoin,sclink,LINK,lnxsushi,xSUSHI,xsushizencash,Horizen,zen1inch,1inch,1inchnano,Nano,nano0x,0x,zrxbaby-doge-coin,Baby Doge Coin,babydogerally-2,Rally,rlyaudius,Audius,audiomoonriver,Moonriver,movrontology,Ontology,ontraydium,Raydium,raycompound-usdt,cUSDT,cusdtloopring,Loopring,lrcankr,Ankr,ankrklima-dao,Klima DAO,klimaceler-network,Celer Network,celrgala,Gala,galauma,UMA,umadigibyte,DigiByte,dgbwink,WINkLink,winskale,SKALE,sklwoo-network,WOO Network,woocoin98,Coin98,c98gnosis,Gnosis,gnoconvex-crv,Convex CRV,cvxcrvmdex,Mdex,mdxwax,WAX,waxpliquity-usd,Liquity USD,lusdstarlink,StarLink,starliotex,IoTeX,iotxnucypher,NuCypher,nuilluvium,Illuvium,ilvswissborg,SwissBorg,chsblivepeer,Livepeer,lptradio-caca,Radio Caca,racapolymath,Polymath,polyfei-usd,Fei USD,feineutrino,Neutrino USD,usdnwazirx,WazirX,wrxfrax,Frax,fraxdent,Dent,dentufo-gaming,UFO Gaming,ufonervos-network,Nervos Network,ckbsamoyedcoin,Samoyedcoin,samoyield-guild-games,Yield Guild Games,yggsynapse-2,Synapse,synrocket-pool,Rocket Pool,rplpersistence,Persistence,xprtlukso-token,LUKSO Token,lyxegolem,Golem,glmfx-coin,Function X,fxjasmycoin,JasmyCoin,jasmykava,Kava,kavaverasity,Verasity,vrafetch-ai,Fetch.ai,fetconstellation-labs,Constellation,dagplex,PLEX,plexlisk,Lisk,lskcoti,COTI,cotireserve-rights-token,Reserve Rights Token,rsrinjective-protocol,Injective Protocol,injtitanswap,TitanSwap,titanfrax-share,Frax Share,fxsmetahero,Metahero,herorari-governance-token,Rari Governance Token,rgtalpha-finance,Alpha Finance,alphaergo,Ergo,ergdvision-network,Dvision Network,dvireef-finance,Reef Finance,reefoxygen,Oxygen,oxyton-crystal,TON Crystal,tonswipe,Swipe,sxptokemak,Tokemak,tokefeg-token,FEG Token,fegpundi-x,Pundi X [OLD],npxsdigitalbits,DigitalBits,xdbtribe-2,Tribe,tribeenergy-web-token,Energy Web Token,ewtvelas,Velas,vlxvethor-token,VeThor Token,vthoanchor-protocol,Anchor Protocol,ancbonfida,Bonfida,fidaasd,AscendEx Token,asdseth,sETH,sethorigintrail,OriginTrail,tracmedibloc,Medibloc,medpundi-x-2,Pundi X,pundixbitcoin-diamond,Bitcoin Diamond,bcdunibright,Unibright,ubtkeep-network,Keep Network,keepalchemix,Alchemix,alcxverge,Verge,xvgmask-network,Mask Network,maskbakerytoken,BakerySwap,bakexyo-network,XYO Network,xyosapphire,Sapphire,sappband-protocol,Band Protocol,bandocean-protocol,Ocean Protocol,oceancartesi,Cartesi,ctsitrust-wallet-token,Trust Wallet Token,twtdodo,DODO,dodopirate-chain,Pirate Chain,arrrstatus,Status,SNTorbs,Orbs,orbstokamak-network,Tokamak Network,tonconflux-token,Conflux,cfxampleforth,Ampleforth,amplorigin-protocol,Origin Protocol,ognardor,Ardor,ardrpax-gold,PAX Gold,paxgdopex,Dopex,dpxsingularitynet,SingularityNET,agixcivic,Civic,cvcelectroneum,Electroneum,etnsbtc,sBTC,sbtcakash-network,Akash Network,aktthorstarter,Thorstarter,xrunevenus,Venus,xvsvectorspace,Vectorspace AI,vxvmirror-protocol,Mirror Protocol,mirprometeus,Prometeus,prommango-markets,Mango Markets,mngobeta-finance,Beta Finance,betaeden,EDEN,edeniexec-rlc,iExec RLC,rlcbitcoin,Bitcoin,btcethereum,Ethereum,ethbinancecoin,Binance Coin,bnbtether,Tether,usdtcardano,Cardano,adasolana,Solana,solripple,XRP,xrppolkadot,Polkadot,dotshiba-inu,Shiba Inu,shibdogecoin,Dogecoin,dogeusd-coin,USD Coin,usdcterra-luna,Terra,lunawrapped-bitcoin,Wrapped Bitcoin,wbtcchainlink,Chainlink,linkavalanche-2,Avalanche,AVAXlitecoin,Litecoin,ltcbinance-usd,Binance USD,busdmatic-network,Polygon,maticuniswap,Uniswap,unialgorand,Algorand,algobitcoin-cash,Bitcoin Cash,bchcosmos,Cosmos,atomaxie-infinity,Axie Infinity,axsvechain,VeChain,vetstellar,Stellar,xlminternet-computer,Internet Computer,icpdai,Dai,daitron,TRON,trxftx-token,FTX Token,fttfantom,Fantom,ftmcompound-ether,cETH,ceththeta-token,Theta Network,thetafilecoin,Filecoin,filethereum-classic,Ethereum Classic,etchedera-hashgraph,Hedera,hbarstaked-ether,Lido Staked Ether,stethnear,Near,nearokb,OKB,okbcrypto-com-chain,Crypto.com Coin,crotezos,Tezos,xtzelrond-erd-2,Elrond,egldthe-graph,The Graph,grtmonero,Monero,xmreos,EOS,eosthorchain,THORChain,runepancakeswap-token,PancakeSwap,cakeaave,Aave,aaveflow,Flow,flowklay-token,Klaytn,klayolympus,Olympus,ohmcdai,cDAI,cdaiquant-network,Quant,qntcompound-usd-coin,cUSDC,cusdcecash,eCash,xecharmony,Harmony,oneiota,IOTA,miotakusama,Kusama,ksmhelium,Helium,hntbitcoin-cash-sv,Bitcoin SV,bsvsafemoon,SafeMoon,safemoonleo-token,LEO Token,leoneo,NEO,neobitcoin-cash-abc-2,Bitcoin Cash ABC,bchaterrausd,TerraUSD,ustwaves,Waves,wavesbittorrent-2,BitTorrent,bttarweave,Arweave,arhuobi-btc,Huobi BTC,hbtcmagic-internet-money,Magic Internet Money,mimdecentraland,Decentraland,manaenjincoin,Enjin Coin,enjamp-token,Amp,ampmaker,Maker,mkrsushi,Sushi,sushicelo,Celo,celoblockstack,Stacks,stxcurve-dao-token,Curve DAO Token,crvholotoken,Holo,hotcompound-governance-token,Compound,comptheta-fuel,Theta Fuel,tfuelomisego,OMG Network,omgdash,Dash,dashhavven,Synthetix Network Token,snxchiliz,Chiliz,chzzcash,Zcash,zeccelsius-degree-token,Celsius Network,celspell-token,Spell Token,spelldecred,Decred,dcrnem,NEM,xemnexo,NEXO,nexohuobi-token,Huobi Token,hticon,ICON,icxkucoin-shares,KuCoin Token,kcssecret,Secret,scrtecomi,ECOMI,omiqtum,Qtum,qtummina-protocol,Mina Protocol,minabasic-attention-token,Basic Attention Token,batzilliqa,Zilliqa,zilyearn-finance,yearn.finance,yfitrue-usd,TrueUSD,tusdosmosis,Osmosis,osmoyooshi,YooShi,yooshinxm,Nexus Mutual,nxmbitcoin-gold,Bitcoin Gold,btgxdce-crowd-sale,XDC Network,xdcthe-sandbox,The Sandbox,sandravencoin,Ravencoin,rvndogelon-mars,Dogelon Mars,elonwonderland,Wonderland,timeiostoken,IOST,iostrenbtc,renBTC,renbtctelcoin,Telcoin,telkadena,Kadena,kdarepublic-protocol,REN,renconvex-finance,Convex Finance,cvxbancor,Bancor Network Token,bntgatechain-token,GateToken,gtserum,Serum,srmpaxos-standard,Pax Dollar,usdpbitclout,Decentralized Social,desoperpetual-protocol,Perpetual Protocol,perpdydx,dYdX,dydxsiacoin,Siacoin,sclink,LINK,lnxsushi,xSUSHI,xsushizencash,Horizen,zen1inch,1inch,1inchnano,Nano,nano0x,0x,zrxbaby-doge-coin,Baby Doge Coin,babydogerally-2,Rally,rlyaudius,Audius,audiomoonriver,Moonriver,movrontology,Ontology,ontraydium,Raydium,raycompound-usdt,cUSDT,cusdtloopring,Loopring,lrcankr,Ankr,ankrklima-dao,Klima DAO,klimaceler-network,Celer Network,celrgala,Gala,galauma,UMA,umadigibyte,DigiByte,dgbwink,WINkLink,winskale,SKALE,sklwoo-network,WOO Network,woocoin98,Coin98,c98gnosis,Gnosis,gnoconvex-crv,Convex CRV,cvxcrvmdex,Mdex,mdxwax,WAX,waxpliquity-usd,Liquity USD,lusdstarlink,StarLink,starliotex,IoTeX,iotxnucypher,NuCypher,nuilluvium,Illuvium,ilvswissborg,SwissBorg,chsblivepeer,Livepeer,lptradio-caca,Radio Caca,racapolymath,Polymath,polyfei-usd,Fei USD,feineutrino,Neutrino USD,usdnwazirx,WazirX,wrxfrax,Frax,fraxdent,Dent,dentufo-gaming,UFO Gaming,ufonervos-network,Nervos Network,ckbsamoyedcoin,Samoyedcoin,samoyield-guild-games,Yield Guild Games,yggsynapse-2,Synapse,synrocket-pool,Rocket Pool,rplpersistence,Persistence,xprtlukso-token,LUKSO Token,lyxegolem,Golem,glmfx-coin,Function X,fxjasmycoin,JasmyCoin,jasmykava,Kava,kavaverasity,Verasity,vrafetch-ai,Fetch.ai,fetconstellation-labs,Constellation,dagplex,PLEX,plexlisk,Lisk,lskcoti,COTI,cotireserve-rights-token,Reserve Rights Token,rsrinjective-protocol,Injective Protocol,injtitanswap,TitanSwap,titanfrax-share,Frax Share,fxsmetahero,Metahero,herorari-governance-token,Rari Governance Token,rgtalpha-finance,Alpha Finance,alphaergo,Ergo,ergdvision-network,Dvision Network,dvireef-finance,Reef Finance,reefoxygen,Oxygen,oxyton-crystal,TON Crystal,tonswipe,Swipe,sxptokemak,Tokemak,tokefeg-token,FEG Token,fegpundi-x,Pundi X [OLD],npxsdigitalbits,DigitalBits,xdbtribe-2,Tribe,tribeenergy-web-token,Energy Web Token,ewtvelas,Velas,vlxvethor-token,VeThor Token,vthoanchor-protocol,Anchor Protocol,ancbonfida,Bonfida,fidaasd,AscendEx Token,asdseth,sETH,sethorigintrail,OriginTrail,tracmedibloc,Medibloc,medpundi-x-2,Pundi X,pundixbitcoin-diamond,Bitcoin Diamond,bcdunibright,Unibright,ubtkeep-network,Keep Network,keepalchemix,Alchemix,alcxverge,Verge,xvgmask-network,Mask Network,maskbakerytoken,BakerySwap,bakexyo-network,XYO Network,xyosapphire,Sapphire,sappband-protocol,Band Protocol,bandocean-protocol,Ocean Protocol,oceancartesi,Cartesi,ctsitrust-wallet-token,Trust Wallet Token,twtdodo,DODO,dodopirate-chain,Pirate Chain,arrrstatus,Status,SNTorbs,Orbs,orbstokamak-network,Tokamak Network,tonconflux-token,Conflux,cfxampleforth,Ampleforth,amplorigin-protocol,Origin Protocol,ognardor,Ardor,ardrpax-gold,PAX Gold,paxgdopex,Dopex,dpxsingularitynet,SingularityNET,agixcivic,Civic,cvcelectroneum,Electroneum,etnsbtc,sBTC,sbtcakash-network,Akash Network,aktthorstarter,Thorstarter,xrunevenus,Venus,xvsvectorspace,Vectorspace AI,vxvmirror-protocol,Mirror Protocol,mirprometeus,Prometeus,prommango-markets,Mango Markets,mngobeta-finance,Beta Finance,betaeden,EDEN,edeniexec-rlc,iExec RLC,rlctruefi,TrueFi,trusuperrare,SuperRare,rareoasis-network,Oasis Network,rosebtc-standard-hashrate-token,BTC Standard Hashrate Token,btcsthive,Hive,hivechia,Chia,xchalien-worlds,Alien Worlds,tlmice-token,Popsicle Finance,icebalancer,Balancer,balstorm,StormX,stmxproton,Proton,xprstratis,Stratis,straxhoge-finance,Hoge Finance,hogenkn,NKN,nknjoe,JOE,joeauction,Bounce,auctioncasper-network,Casper Network,csprbifrost,Bifrost,bfcaelf,aelf,elfmarketpeak,PEAKDEFI,peakwilder-world,Wilder World,wildtelos,Telos,tlosark,Ark,arkbadger-dao,Badger DAO,badgerstar-atlas,Star Atlas,atlasalchemix-usd,Alchemix USD,alusdadventure-gold,Adventure Gold,agldgmx,GMX,gmxmaidsafecoin,MaidSafeCoin,maidorchid-protocol,Orchid Protocol,oxtnumeraire,Numeraire,nmrsuperfarm,SuperFarm,superdefi-kingdoms,DeFi Kingdoms,jewelplaydapp,PlayDapp,plathorchain-erc20,THORChain (ERC20),runedawn-protocol,Dawn Protocol,dawnvulcan-forged,Vulcan Forged,pyrmy-neighbor-alice,My Neighbor Alice,alicehusd,HUSD,husdorion-protocol,Orion Protocol,ornallianceblock,AllianceBlock,albtdero,Dero,derosteem,Steem,steemradicle,Radicle,radellipsis,Ellipsis,epsanyswap,Anyswap,anychromaway,Chromia,chrpolkastarter,Polkastarter,polsclover-finance,Clover Finance,clvpolkaswap,Polkaswap,pswaprif-token,RSK Infrastructure Framework,riftomochain,TomoChain,tomounizen,Unizen,zcxmetal,Metal,mtleth-2x-flexible-leverage-index,ETH 2x Flexible Leverage Index,ETH2x-FLIsyscoin,Syscoin,syslido-staked-sol,Lido Staked SOL,stsolalchemy-pay,Alchemy Pay,achbeldex,Beldex,bdxfunfair,FUNToken,funklever,Klever,klvflex-coin,FLEX Coin,flexcompound-uniswap,cUNI,cuniescoin-token,Escoin Token,elgkardiachain,KardiaChain,kaiapi3,API3,api3lido-dao,Lido DAO,ldoankreth,Ankr Reward-Bearing Staked ETH,aethcnoia-network,Syntropy,noiarook,KeeperDAO,rookultra,Ultra,uoszenon,Zenon,znnuquid-coin,Uquid Coin,uqcdefipulse-index,DeFiPulse Index,dpiwrapped-centrifuge,Wrapped Centrifuge,wcfgmx-token,MX Token,mxquark-chain,QuarkChain,qkcmelon,Enzyme,mlnhathor,Hathor,htrsentinel,Sentinel,dvpnlgcy-network,LGCY Network,lgcysun-token,Sun Token,sunshiden,Shiden Network,sdnstp-network,STP Network,stptmetadium,Metadium,metaeveripedia,Everipedia,iqethlend,Aave [OLD],lendstorj,Storj,storjsafepal,SafePal,sfpkyber-network-crystal,Kyber Network Crystal,kncautomata,Automata,atacrypto20,CRYPTO20,c20redfox-labs-2,RedFOX Labs,rfoxstar-atlas-dao,Star Atlas DAO,poliswanchain,Wanchain,wanaragon,Aragon,antaxia-coin,AXIA Coin,axcutrust,Utrust,utkstrong,Strong,strongmath,MATH,mathadex,Ambire AdEx,adxstrike,Strike,strkaugur,Augur,repkyber-network,Kyber Network Crystal Legacy,knclrequest-network,Request,reqaavegotchi,Aavegotchi,ghstpower-ledger,Power Ledger,powrquick,Quickswap,quickmobox,Mobox,mboxboson-protocol,Boson Protocol,bosonthe-doge-nft,The Doge NFT,dogspookyswap,Spookyswap,bookleekai,KleeKai,kleerender-token,Render Token,rndrtether-gold,Tether Gold,xautlcx,LCX,lcxyfii-finance,DFI.money,yfiiplaton-network,PlatON Network,latsmooth-love-potion,Smooth Love Potion,slpgemini-dollar,Gemini Dollar,gusdcompound-0x,c0x,czrxaurora-dao,IDEX,idexconcierge-io,Travala.com,avamorpheus-network,Morpheus Network,mnwkin,Kin,kinsomnium-space-cubes,Somnium Space CUBEs,cubehxro,Hxro,hxrocratos,Cratos,crtslinear,Linear,linaalpaca-finance,Alpaca Finance,alpacausdx,USDX,usdxtokocrypto,Tokocrypto,tkocovalent,Covalent,cqtprivateum,Privateum,pvmdecentral-games,Decentral Games,dgbzx-protocol,bZx Protocol,bzrxbarnbridge,BarnBridge,bondkarura,Karura,karapeswap-finance,ApeSwap Finance,bananalitentry,Litentry,lithydra,Hydra,hydramxc,MXC,mxctaboo-token,Taboo Token,tabookomodo,Komodo,kmdtenset,Tenset,10setarpa-chain,ARPA Chain,arpaaurory,Aurory,auryorca,Orca,orcaptokens-btc,pTokens BTC,pbtce-radix,e-Radix,exrdbscpad,BSCPAD,bscpadampleforth-governance-token,Ampleforth Governance Token,forthcvcoin,CVCoin,cvnmusd,mStable USD,musdcoinmetro,CoinMetro,xcmpha,Phala Network,phabitshares,BitShares,btsgitcoin,Gitcoin,gtciris-network,IRISnet,irisderivadao,DerivaDAO,ddxethernity-chain,Ethernity Chain,ernpropy,Propy,prodao-maker,DAO Maker,daohaven,Haven,xhvplanet-finance,Planet Finance,aquadistrict0x,district0x,dnthandshake,Handshake,hnstoken-pocket,Token Pocket,tptnewscrypto-coin,Newscrypto Coin,nwcxsgd,XSGD,xsgdseedify-fund,Seedify.fund,sfundzipmex-token,Zipmex Token,zmtartery,Artery,artrkirobo,Kirobo,kiromcdex,MCDEX,mcbgas,Gas,gasjust,JUST,jstmsol,Marinade staked SOL,msolmainframe,Hifi Finance,mfttranchess,Tranchess,chessalchemist,Alchemist,miststep-finance,Step Finance,stepfodl-finance,Fodl Finance,fodlapenft,APENFT,nftcelo-dollar,Celo Dollar,cusdshyft-network-2,Shyft Network,shftbnb48-club-token,BNB48 Club Token,kogevai,Vai,vaiseth2,sETH2,seth2shabu-shabu,Shabu Shabu,kobesora,Sora,xorwrapped-nxm,Wrapped NXM,wnxmoccamfi,OccamFi,occlockchain,LockTrip,locastroswap,AstroSwap,astrocatecoin,CateCoin,catebella-protocol,Bella Protocol,belsifchain,Sifchain,erowanbeefy-finance,Beefy.Finance,bifitellor,Tellor,trbbitkub-coin,Bitkub Coin,kubsafemoon-inu,SafeMoon Inu,smibiconomy-exchange-token,Biconomy Exchange Token,bitcertik,CertiK,ctkzelcash,Flux,fluxwhale,WHALE,whalepylon-protocol,Pylon Protocol,minevelaspad,VelasPad,vlxpadcumrocket,CumRocket,cummiesmobiecoin,MobieCoin,mbxnusd,sUSD,susdcvault-finance,cVault.finance,coresolanium,Solanium,slimzcoin,Firo,firomimo-parallel-governance-token,MIMO Parallel Governance Token,mimoblox,Blox,cdthermez-network-token,Hermez Network,hezstasis-eurs,STASIS EURO,eursparsiq,PARSIQ,prqthunder-token,ThunderCore,ttramp,RAMP,ramprarible,Rarible,rarikeep3rv1,Keep3rV1,kp3rcoin-of-the-champions,Coin of the champions,coctrias-token,Trias Token,triasaltura,Altura,aluseur,sEUR,seurcarry,Carry,crebenqi,BENQI,qizkswap,ZKSwap,zksxdai-stake,xDAI Stake,stakeurus-token,Aurox Token,uruspresearch,Presearch,prestreamr-xdata,Streamr XDATA,xdataharvest-finance,Harvest Finance,farm3x-long-ethereum-token,3X Long Ethereum Token,ethbulladapad,ADAPad,adapadcompound-basic-attention-token,cBAT,cbatcardstarter,Cardstarter,cardssplinterlands,Splinterlands,spsvite,Vite,vitebytz,BYTZ,bytztrustswap,Trustswap,swapboringdao-btc,BoringDAO BTC,obtcsuku,SUKU,SUKUopenocean,OpenOcean,ooeumbrella-network,Umbrella Network,umbakropolis,Akropolis,akroelastos,Elastos,elaqredo,Qredo,qrdospiritswap,SpiritSwap,spiritsora-validator-token,Sora Validator Token,valtronpad,TRONPAD,tronpadvelo,Velo,veloenergi,Energi,nrgetherrock-72,Etherrock #72,pebblemetis-token,Metis Token,metisedgeware,Edgeware,edgxcad-network,XCAD Network,xcadalpha-quark-token,Alpha Quark Token,aqtcake-monster,Cake Monster,monstainstadapp,Instadapp,instkava-lend,Kava Lend,HARDhi-dollar,hi Dollar,hiterra-virtua-kolect,Terra Virtua Kolect,tvkluffy-inu,Luffy,luffybtse-token,BTSE Token,btsehegic,Hegic,hegicglitch-protocol,Glitch Protocol,glchinsure,inSure DeFi,sureloom-network,Loom Network (OLD),loomoldhunt-token,HUNT,huntmultivac,MultiVAC,mtvdia-data,DIA,DIAaion,Aion,aiondivi,Divi,diviwozx,Efforce,wozxpaccoin,PAC Protocol,pacrevolution-populi,Revolution Populi,rvpavalaunch,Avalaunch,xavamantra-dao,MANTRA DAO,omwoonkly-power,Woonkly Power,wooprefereum,Refereum,rfridia,Impossible Decentralized Incubator Access,idialto-network,LTO Network,ltormrk,RMRK,rmrktornado-cash,Tornado Cash,tornaergo,Aergo,aergobepro-network,BEPRO Network,beprorai,Rai Reflex Index,raicream-2,Cream,creambytom,Bytom,btmfriends-with-benefits-pro,Friends With Benefits Pro,fwbcream-eth2,Cream ETH 2,creth2bnbpay,BNBPay,bpaynerve-finance,Nerve Finance,nrvphantasma,Phantasma,soulcobak-token,Cobak Token,cbksafemars,Safemars,safemarsderace,DeRace,dercnimiq-2,Nimiq,nimgroestlcoin,Groestlcoin,grspangolin,Pangolin,pngbluzelle,Bluzelle,blzcudos,Cudos,cudosbezoge-earth,Bezoge Earth,bezogezero-collateral-dai,Zero Collateral Dai,zaimarlin,Marlin,pondsai,Sai,saiiron-bank-euro,Iron Bank EURO,ibeurmetronome,Metronome,metbeam,BEAM,beamkleros,Kleros,pnkstarterra,StarTerra,sttdock,Dock,dockjet,JET,jetsingularitydao,SingularityDAO,sdaosharering,ShareToken,shrcryptex-finance,Cryptex Finance,ctxverus-coin,Verus Coin,vrscdigixdao,DigixDAO,dgdcontentos,Contentos,coschainx,ChainX,pcxfrontier-token,Frontier,frontribbon-finance,Ribbon Finance,rbnsteem-dollars,Steem Dollars,sbdfutureswap,Futureswap,fstmaps,MAPS,mapsreddcoin,Reddcoin,rddstakehound-staked-ether,StakeHound Staked Ether,stethmaple,Maple,mplparis-saint-germain-fan-token,Paris Saint-Germain Fan Token,psgvideocoin,VideoCoin,vidfio-protocol,FIO Protocol,fioliquity,Liquity,lqtykccpad,KCCPad,kccpadsentinel-protocol,Sentinel Protocol,uppneutrino-system-base-token,Neutrino System Base Token,nsbtsolve-care,SOLVE,solvegeist-finance,Geist Finance,geistcrust-network,Crust Network,cruchain-guardians,Chain Guardians,cggkava-swap,Kava Swap,swpmixmarvel,MixMarvel,mixunlend-finance,UniLend Finance,uftnftx,NFTX,nftxnominex,Nominex,nmxdusk-network,DUSK Network,duskslink,sLINK,slinkbitmart-token,BitMart Token,bmxbosagora,BOSAGORA,boanew-bitshares,New BitShares,nbshackenai,Hacken Token,haiqash,QASH,qashveritaseum,Veritaseum,veriget-token,GET Protocol,gettracer-dao,Tracer DAO,tcrrubic,Rubic,rbcmars-ecosystem-token,Mars Ecosystem Token,xmssx-network,SX Network,sxgamercoin,GamerCoin,ghxbytecoin,Bytecoin,bcnbtu-protocol,BTU Protocol,btusaber,Saber,sbrunfederalreserve,unFederalReserve,ersdldforce-token,dForce Token,dfstablexswap,StableXSwap,staxgmr-finance,GMR Finance,gmrstake-dao,Stake DAO,sdtkryll,KRYLL,krlbns-token,BNS Token,bnsgovernance-zil,governance ZIL,gzilapollo,Apollo,aplmanchester-city-fan-token,Manchester City Fan Token,cityvisor,Visor,visrgamezone,GameZone,gzoneethos,Voyager Token,vgxaleph,Aleph.im,alephreflexer-ungovernance-token,Reflexer Ungovernance Token,flxatari,Atari,atricounterparty,Counterparty,xcpgny,GNY,gnyboringdao-[old],BoringDAO [OLD],borion,Ion,iongro-dao-token,Gro DAO Token,grochain-games,Chain Games,chaintokenlon,Tokenlon,lonunifi-protocol-dao,Unifi Protocol DAO,unfilikecoin,LikeCoin,likesport-and-leisure,Sport and Leisure,snlnuls,Nuls,nulsgyro,Gyro,gyrored-pulse,Phoenix Global,phbfaraland,FaraLand,farazoid-pay,ZoidPay,zpaysuper-zero,SERO,serocope,Cope,copeparibus,Paribus,pbxpivx,PIVX,pivxvertcoin,Vertcoin,vtcv-systems,V.SYSTEMS,vsyspaid-network,PAID Network,paidnft-art-finance,NFT Art Finance,nftartkoda-finance,Koda Finance,kodasandclock,Sandclock,quartzadax,ADAX,adaxgxchain,GXChain,gxcmimatic,MAI,mimaticmossland,Mossland,mocindex-cooperative,Index Cooperative,indexhydradx,HydraDX,xhdxrailgun,Railgun,railwall-street-games,Wall Street Games,wsgdragonchain,Dragonchain,drgnpolkamarkets,Polkamarkets,polkaeternity,Aeternity,aetbtc,tBTC,tbtcmarcopolo,MAP Protocol,mappremia,Premia,premiaplatoncoin,PlatonCoin,pltcnexus,Nexus,nxsexeedme,Exeedme,xedyield-app,YIELD App,yldbanano,Banano,banforce-protocol,ForTube,forshopping-io,Shopping.io,spio3-swap,O3 Swap,o3epic-cash,Epic Cash,epicpolkadex,Polkadex,pdexhot-cross,Hot Cross,hotcrossrainicorn,Rainicorn,rainisienna,Sienna,siennaapy-finance,APY.Finance,apybitcoin-2,Bitcoin 2,btc2saffron-finance,saffron.finance,sfimeter,Meter Governance,mtrgfeisty-doge-nft,Feisty Doge NFT,nfdlamden,Lamden,tautether-eurt,Euro Tether,eurtkuma-inu,Kuma Inu,kumadefi-warrior,Defi Warrior,fiwacelo-euro,Celo Euro,ceurairswap,AirSwap,astdego-finance,Dego Finance,degonftb,NFTb,nftbstacktical,DSLA Protocol,dslaquantstamp,Quantstamp,qsphoo-token,Hoo Token,hoogochain,GoChain,gofc-barcelona-fan-token,FC Barcelona Fan Token,barsakura,Sakura,skuv-id-blockchain,VIDT Datalink,vidtlattice-token,Lattice Token,ltxrevv,REVV,revvsparkpoint,SparkPoint,srkyieldly,Yieldly,yldydexe,DeXe,dexehapi,HAPI,hapistafi,Stafi,fisaxion,Axion,axndextools,DexTools,dextpolychain-monsters,Polychain Monsters,pmonderi-protocol,Deri Protocol,deriariva,Ariva,arvusdk,USDK,usdkcap,Cap,capcutcoin,CUTcoin,cutconcentrated-voting-power,PowerPool Concentrated Voting Power,cvpsmartlands,Smartlands Network,sltsecret-finance,Secret Finance,sefiposition-token,Position Token,posinaos-finance,NAOS Finance,naospooltogether,PoolTogether,poolzeroswap,ZeroSwap,zeestarship,StarShip,starshipevolution-finance,Evolution Finance,evnunifty,Unifty,nifsolfarm,Tulip Protocol,tulipcargox,CargoX,cxoconvergence,Convergence,convkylin-network,Kylin Network,kylwagyuswap,WagyuSwap,waghiblocks,Hiblocks,hibszano,Zano,zanowing-finance,Wing Finance,wingpendle,Pendle,pendlepolkafoundry,PolkaFoundry,pkfskey-network,Skey Network,skeyterra-krw,TerraKRW,krtgivingtoservices-svs,GivingToServices SVS,svselectra-protocol,Electra Protocol,xepfsn,FUSION,fsnsafe-haven,Safe Haven,shaarianee,Arianee,aria20kine-protocol,Kine Protocol,kineusdp,USDP Stablecoin,usdpmute,Mute,mutepnetwork,pNetwork,pntvether,Vether,vethinverse-finance,Inverse Finance,invbios,0x_nodes,biosaioz-network,AIOZ Network,aiozcortex,Cortex,ctxccardstack,Cardstack,cardbountymarketcap,BountyMarketCap,bmcaldrin,Aldrin,rinuniverse-xyz,Universe.XYZ,xyzerc20,ERC20,erc20lossless,Lossless,lsshshare,HyperCash,hcbotto,Botto,bottovesper-finance,Vesper Finance,vspdehub,DeHub,dehubaidos-kuneen,Aidos Kuneen,adksnowblossom,SnowBlossom,snowblackpool-token,BlackPool Token,bptauto,Auto,autogrin,Grin,grinmonsta-infinite,Monsta Infinite,monieverid,Everest,idveed,VEED,veedorion-money,Orion Money,orionhotbit-token,Hotbit Token,htbunilayer,UniLayer,layerloki-network,Oxen,oxenmoviebloc,MovieBloc,mbljuventus-fan-token,Juventus Fan Token,juvmetahash,#MetaHash,mhccurate,Curate,xcurte-food,TE-FOOD,tonerootkit,Rootkit,rootdeapcoin,DEAPCOIN,depfractal,Fractal,fclrefinable,Refinable,fineadshares,Adshares,adsdxdao,DXdao,dxdcindicator,Cindicator,cndburency,Burency,buywaykichain,WaykiChain,wicccoinzoom-token,CoinZoom Token,zoomultiledger,Ultiledger,ultsaito,Saito,saitothrone,Throne,thnsantiment-network-token,Santiment Network Token,sanvempire-ddao,vEmpire DDAO,vempfree-coin,FREE coin,freegifto,Gifto,gtochronobank,chrono.tech,timeraiden-network,Raiden Network Token,rdnearthcoin,Earthcoin,eacradium,Validity,valwaves-ducks,Waves Ducks,eggliq-protocol,LIQ Protocol,liqethereum-push-notification-service,Ethereum Push Notification Service - EPNS,pushyflink,YF Link,yflheroes-empires,Heroes & Empires,hee-money,e-Money,ngmyuan-chain-coin,Yuan Chain Coin,yccmetaverse-index,Metaverse Index,mviunisocks,Unisocks,socksxido-finance,Xido Finance,xidospartan-protocol-token,Spartan Protocol Token,spartaselfkey,SelfKey,keytroy,Troy,troymillion,Million,mmpoolz-finance,Poolz Finance,poolzminidoge,MiniDOGE,minidogecocos-bcx,COCOS BCX,cocospussy-financial,Pussy Financial,pussybinamon,Binamon,bmondarwinia-network-native-token,Darwinia Network Native Token,ringinterest-bearing-bitcoin,Interest Bearing Bitcoin,ibbtcgamee,GAMEE,gmeepermission-coin,Permission Coin,askhopr,HOPR,hoprdash-diamond,Dash Diamond,dashdmysterium,Mysterium,mystarmor,ARMOR,armorubeswap,Ubeswap,ubebyteball,Obyte,gbyteblockport,BUX Token,buxnav-coin,Navcoin,navblockv,BLOCKv,veemass,MASS,massneon-exchange,Nash,nexmorpheus-labs,Morpheus Labs,mitxmithril,Mithril,mithlbry-credits,LBRY Credits,lbcbelt,Belt,beltpolydoge,PolyDoge,polydogeatletico-madrid,Atletico Madrid Fan Token,atmadappter-token,Adappter Token,adpwaltonchain,Waltonchain,wtcqanplatform,QANplatform,qanxdvf,DVF,dvfmedia-licensing-token,Media Licensing Token,mltglobal-coin-research,Global Coin Research,gcrdatabroker-dao,DaTa eXchange Token,dtxanj,Aragon Court,anjcoin-capsule,Ternoa,capsorigin-dollar,Origin Dollar,ousd88mph,88mph,mphbetu,Betu,betuunmarshal,Unmarshal,marshbankless-dao,Bankless DAO,banksuterusu,Suterusu,suterthe-crypto-prophecies,The Crypto Prophecies,tcpaeron,Aeron,arnxgains-farm,Gains Farm,gfarm2polkabridge,PolkaBridge,pbrgains,Gains,gainsvfox,VFOX,vfoxdefi-for-you,Defi For You,dfyfloat-protocol,Float Protocol,bankmint-club,Mint Club,mintledgis,Ledgis,leddxsale-network,DxSale Network,salecivilization,Civilization,civbilira,BiLira,trybgalatasaray-fan-token,Galatasaray Fan Token,galantimatter,AntiMatter,mattercola-token,Cola Token,colacrowns,Seascape Crowns,cwsferrum-network,Ferrum Network,frmlabs-group,LABS Group,labsmirrored-tesla,Mirrored Tesla,mtslaneblio,Neblio,neblcrypterium,Crypterium,crptmeasurable-data-token,Measurable Data Token,mdtfoam-protocol,FOAM,foamadora-token,Adora Token,arababb,BABB,baxvecrv-dao-yvault,veCRV-DAO yVault,yve-crvdaomirrored-microsoft,Mirrored Microsoft,mmsftsuperbid,SuperBid,superbidunicly-cryptopunks-collection,Unicly CryptoPunks Collection,upunkoxbull-tech,Oxbull Tech,oxbsteam-exchange,Steam Exchange,steamxmirrored-google,Mirrored Google,mgooglwom-token,WOM Protocol,womthoreum,Thoreum,thoreumbao-finance,Bao Finance,baoswop,Swop,swopovr,Ovr,ovrdexlab,Dexlab,dxlbean,Bean,beannest,Nest Protocol,nestpopulous,Populous,pptmirrored-invesco-qqq-trust,Mirrored Invesco QQQ Trust,mqqqdogebonk,Dogebonk,dobotriton,Equilibria,xeqcontent-value-network,Conscious Value Network,cvntsolrise-finance,Solrise Finance,slrsmork,MORK,morkshapeshift-fox-token,ShapeShift FOX Token,foxmirrored-apple,Mirrored Apple,maaplmirrored-netflix,Mirrored Netflix,mnflxmy-defi-pet,My DeFi Pet,dpetvvsp,vVSP,vvsplithium-finance,Lithium Finance,lithk21,K21,k21naga,NAGA,ngcmetaverse-etp,Metaverse ETP,etporaichain-token,Oraichain Token,oraigovi,Govi,govimercurial,Mercurial,mertidal-finance,Tidal Finance,tidaltrubadger,TruBadger,trubgrfinxflo,Finxflo,fxfcellframe,Cellframe,cellstakenet,Stakenet,xsnmirrored-amazon,Mirrored Amazon,mamznamber,Ambrosus,ambfortknoxter,FortKnoxster,fkxshih-tzu,Shih Tzu,shihunicly,Unicly,unicmirrored-ishares-silver-trust,Mirrored iShares Silver Trust,mslvwild-credit,Wild Credit,wildstackos,StackOS,stackmakiswap,MakiSwap,makipbtc35a,pBTC35A,pbtc35aelysia,ELYSIA,elstandard-protocol,Standard Protocol,stndpeony-coin,Peony Coin,pnycircuits-of-value,Circuits of Value,covalroute,Router Protocol,routelambda,Lambda,lambswitcheo,Switcheo,swthlaunchzone,LaunchZone,lzeverrise,EverRise,risemeta,mStable Governance Token: Meta,mtasynthetify-token,Synthetify Token,snyinsurace,InsurAce,insurmirrored-united-states-oil-fund,Mirrored United States Oil Fund,musokawakami-inu,Kawakami Inu,kawapeercoin,Peercoin,ppcshirtum,Shirtum,shihbtc-token,HBTC Captain Token,hbcacryptos,ACryptoS,acsdora-factory,Dora Factory,dorastratos,Stratos,stospandacoin,Pandacoin,pndgerowallet,GeroWallet,gerocharli3,Charli3,c3bit-z-token,BitZ Token,bzaventus,Aventus,avtopium,Opium,opiumlaunchpool,Launchpool,lpoolbtc-2x-flexible-leverage-index,BTC 2x Flexible Leverage Index,BTC2x-FLIone-ledger,OneLedger,oltpepecash,PepeCash,pepecashbread,Bread,brdmanifold-finance,Manifold Finance,foldduckdaodime,DuckDaoDime,ddimdhedge-dao,dHEDGE DAO,dhtinfinity-pad,Infinity Pad,ipadmirrored-alibaba,Mirrored Alibaba,mbabazb-token,ZB Token,zbmodefi,Modefi,modpibble,Pibble,pib0chain,0chain,zcntokenclub,TokenClub,tctonly1,Only1,likeeqifi,EQIFi,eqxsignum,Signum,signagyen,GYEN,gyenignis,Ignis,ignismirrored-twitter,Mirrored Twitter,mtwtrpawthereum,Pawthereum,pawthsentivate,Sentivate,sntvtxmon,XMON,xmonidavoll-network,Idavoll Network,idvswingby,Swingby,SWINGBYaxel,AXEL,axelblackdragon-token,BlackDragon Token,BDTtalken,Talken,talkcrypto-carbon-energy,Crypto Carbon Energy,cycesylo,Sylo,syloshibavax,Shibavax,shibxdon-key,Don-key,donuseless,Useless,uselessnebulas,Nebulas,nasichi-farm,ICHI,ichiwpp-token,WPP Token,wpppinknode,Pinknode,pnodepenguin-finance,Penguin Finance,pefipolyswarm,PolySwarm,nctenq-enecuum,Enecuum,enqethpad,ETHPad,ethpadunicrypt-2,UniCrypt,uncxcashaa,Cashaa,casopacity,Opacity,opctnxt,NXT,nxtafin-coin,Asian Fintech,afincredmark,Credmark,cmkgrid,GridPlus,gridsalt,SALT,saltdentacoin,Dentacoin,dcnchimaera,XAYA,chiskycoin,Skycoin,skykonomi-network,Konomi Network,konoport-finance,Port Finance,portkoinos,Koinos,koincorgicoin,CorgiCoin,corgigrowth-defi,GROWTH DeFi,grobip,Minter,bipparticl,Particl,partkan,BitKan,kanjupiter,Jupiter,jupac-milan-fan-token,AC Milan Fan Token,acmgather,Gather,gthreserve,Reserve,rsvtarot,Tarot,tarotminds,Minds,mindsopenalexa-protocol,OpenAlexa Protocol,oapapm-coin,apM Coin,APMupbots,UpBots,ubxtmidas-protocol,Midas Protocol,maskira-network,KIRA Network,kexapwine,APWine,apwb-protocol,B.Protocol,bprotixl-new,Tixl,txlpikachu,Pika,pikadafi-protocol,Dafi Protocol,dafishibaverse,Shibaverse,VERSEdotmoovs,dotmoovs,moovrevomon,Revomon,revorobonomics-network,Robonomics Network,xrtarcblock,Arcblock,abtdeepbrain-chain,DeepBrain Chain,dbcpalgold,PalGold,palgfreeway-token,Freeway Token,fwtbridge-mutual,Bridge Mutual,bmikick-io,KICK.IO,kickplasma-finance,Plasma Finance,ppayopenanx,OAX,oaxepik-protocol,EpiK Protocol,epkwownero,Wownero,wowoddz,Oddz,oddzzignaly,Zignaly,zigcsp-dao-network,CSP DAO Network,nebosix-network,SIX Network,sixshroom-finance,Niftyx Protocol,shroompolylastic,Polylastic,polxaurora,Aurora,aoaetherisc,Etherisc DIP Token,dipthought,Thought,thtdecentr,Decentr,dechyve,Hyve,hyvepublic-mint,Public Mint,mintblockchain-monster-hunt,Blockchain Monster Hunt,bcmctower,Tower,towerconnect-financial,Connect Financial,cnfieco-value-coin,Eco Value Coin,evcnectar-token,Nectar,necblank,Blank,blankztcoin,ZBG Token,ztimpermax,Impermax,imxrhythm,Rhythm,rhythmdinoswap,DinoSwap,dinocoinone-token,CoinOne Token,conedlp-duck-token,DLP Duck Token,duckfactom,Factom,fctsperax,Sperax,spaquantum-resistant-ledger,Quantum Resistant Ledger,qrlgraphlinq-protocol,GraphLinq Protocol,glqmoonlana,MoonLana,molaannex,Annex Finance,annsmart-mfg,Smart MFG,mfgjenny-metaverse-dao-token,Jenny Metaverse DAO Token,uJENNYdfyn-network,Dfyn Network,dfynsiren,Siren,sidope-wars-paper,Dope Wars Paper,paperdegen-index,DEGEN Index,degenoffshift,Offshift,xftequalizer,Equalizer,eqzdigg,DIGG,diggjulswap,JulSwap,juldgeeq,GEEQ,GEEQmoeda-loyalty-points,Moeda Loyalty Points,mdalixir-protocol,Lixir Finance,lixcyberfi,CyberFi,cfiwirex,Wirex,wxtexnetwork-token,ExNetwork Token,exntrio-defi,RioDeFi,rfuelatlantis-loans,Atlantis Loans,atlgelato,Gelato,gelmstable-btc,mStable BTC,mbtcpiedao-dough-v2,PieDAO DOUGH v2,doughredpanda-earth,RedPanda Earth,redpandazookeeper,ZooKeeper,zooeverex,Everex,evxprobit-exchange,Probit Token,probsmartcash,SmartCash,smartbscex,BSCEX,bscxas-roma-fan-token,AS Roma Fan Token,asrlocgame,LOCGame,locghiveterminal,Hiveterminal token,hvnbird-money,Bird.Money,birdyearn-lazy-ape,Yearn Lazy Ape,YLAcryptozoon,CryptoZoon,zoonjarvis-reward-token,Jarvis Reward Token,jrtrae-token,Receive Access Ecosystem,raeplant-vs-undead-token,Plant vs Undead Token,pvubitcoin-pro,Bitcoin Pro,btcpmuse-2,Muse,musetierion,Tierion,tntthales,Thales,thalespchain,Plian,piinfinitecoin,Infinitecoin,ifcspacechain-erc-20,SpaceChain (ERC-20),spcspectrum-token,Spectrum Token,specrobot,Robot,robotiqeon,IQeon,iqnaladdin-dao,Aladdin DAO,aldxfund,xFund,xfundarc-governance,ARC Governance,arcxdivergence-protocol,Divergence Protocol,diverpacoca,Pacoca,pacocamonetha,Monetha,mthxend-finance,Xend Finance,xendfurucombo,Furucombo,combokick,Kick,kickrocket-vault-rocketx,Rocket Vault-RocketX,rvfthe-three-kingdoms,The Three Kingdoms,ttklympo-market-token,Lympo Market Token,lmtspankchain,SpankChain,spankripio-credit-network,Ripio Credit Network,rcnrichquack,Rich Quack,quacklitecoin-cash,Litecoin Cash,lccdelta-exchange-token,Delta Exchange Token,detoscream,Scream,screamhedpay,HEdpAY,hdp.фlympo,Lympo,lymrazor-network,Razor Network,razorsmart-valor,Smart Valor,valorfear,Fear,feardiamond,Diamond,dmdinsights-network,INSTAR,instarnucleus-vision,Nucleus Vision,ncashwabi,Wabi,wabileonicorn-swap,Leonicorn Swap,leosmust,Must,mustmahadao,MahaDAO,mahamy-master-war,My Master War,matmatrix-ai-network,Matrix AI Network,manmoonstarter,MoonStarter,mnstmedia-network,Media Network,mediatigercash,TigerCash,tchstrips-finance,Strips Finance,strpcryptocart,Cryptocart,ccepik-prime,Epik Prime,epikbaasid,BaaSid,baassonm,SONM,snmhord,Hord,hordblockbank,BlockBank,bbankzilswap,ZilSwap,zwaplightcoin,Lightcoin,lhcqi-dao,Qi Dao,qistone-token,Stone Token,stnpancakepoll,PancakePoll,ppollnftlaunch,NFTLaunch,nftleuno,EUNO,eunoclucoin,CluCoin,cluera-swap-token,Era Swap Token,esfuse-network-token,Fuse,fusenafter,Nafter,naftgame-fantasy-token,Game Fantasy Token,gftureeqa,UREEQA,urqaeuler-tools,Euler Tools,eulerstakecube,Stakecube,scccovercompared,CoverCompared,cvrunipilot,Unipilot,pilotreapchain,ReapChain,reapgenaro-network,Genaro Network,gnxpaint-swap,Paint Swap,brushtranche-finance,Tranche Finance,SLICEwarp-finance,Warp Finance,warprealfevr,RealFevr,fevrcashbet-coin,CBC.network,cbcdeathroad,DeathRoad,draceradar,Radar,radarrangers-protocol-gas,Rangers Protocol,rpgxtoken,xToken,xtkstakewise,StakeWise,swiseturtlecoin,TurtleCoin,trtlsiaprime-coin,ScPrime,scpfranklin,Franklin,flyfedoracoin,Fedoracoin,tipsdegenerator,Meme,memejigstack,Jigstack,stakpallapay,Pallapay,palladfx-finance,DFX Finance,dfxix-swap,IX Swap,ixsfabric,Fabric,fabubiq,Ubiq,ubqolyseum,Olyseum,olyboringdao,BoringDAO,boringraze-network,Raze Network,razeinternet-node-token,INTchain,intimpossible-finance,Impossible Finance,ifuniwhales,UniWhales,uwlspore,Spore,sporecops-finance,Cops Finance,copscrossswap,CrossSwap,cswapobortech,Obortech,obotking-shiba,King Shiba,kingshibmirrored-ether,Mirrored Ether,methswftcoin,SWFTCOIN,swftcbonded-finance,Bonded Finance,bonddeepspace,DEEPSPACE,dpsraptoreum,Raptoreum,rtmblock-ape-scissors,Block Ape Scissors,basmoon-nation-game,Moon Nation Game,mngbogged-finance,Bogged Finance,bogbsc-station,BSC Station,bscsbondly,Bondly,bondlyacent,Acent,aceeinsteinium,Einsteinium,emc2genesis-vision,Genesis Vision,gvtshadows,Shadows,dowsmobius,Mobius,mobidecentral-games-ice,Decentral Games ICE,icetokencard,Monolith,tknworldcoin,WorldCoin,wdcbifi,BiFi,bifiroobee,Roobee,roobeenord-finance,Nord Finance,nordarcona,Arcona,arconaoneswap-dao-token,OneSwap DAO Token,onesunit-protocol-duck,Unit Protocol New,duckviberate,Viberate,vibcarboneco,CarbonEco,c0filda,Filda,fildakuswap,KuSwap,kusridotto,Ridotto,rdtlith-token,Lith Token,lithhanu-yokia,Hanu Yokia,hanucovesting,Covesting,covpop-chest-token,POP Network,popproximax,ProximaX,xpxgameswap-org,Gameswap,gswapdraken,Draken,drktotal-crypto-market-cap-token,Total Crypto Market Cap,tcapprosper,Prosper,prosbabydoge-coin-eth,BabyDoge ETH,babydogejade-currency,Jade Currency,jadezap,Zap,zapsentinel-group,Sentinel [OLD],dvpnsplyt,Splyt,shopxlatoken,LATOKEN,lamars4,MARS4,mars4dust-token,DUST Token,dustyam-2,YAM,yamswerve-dao,Swerve,swrvgridzone,GridZone.io,zonetribeone,TribeOne,hakagulden,Gulden,nlgsideshift-token,SideShift Token,xailua-token,LuaSwap,luawanswap,WanSwap,waspmirrored-bitcoin,Mirrored Bitcoin,mbtcqlink,QLC Chain,qlcumi-digital,Umi Digital,umipolker,Polker,pkrrune,Rune,runeog-fan-token,OG Fan Token,ogeosforce,EOSForce,eoscdefi-yield-protocol,DeFi Yield Protocol,dypsaud,sAUD,saudunit-protocol,Unit Protocol,colwault-usd,Wault USD,wusddaohaus,DAOhaus,hausyup,Yup,yupvalue-network-token,Value Network Token,vntwbitcoinz,BitcoinZ,btczraven-protocol,Raven Protocol,ravenappcoins,AppCoins,appcautonio,Autonio,nioxkattana,Kattana,ktnarcticcoin,Advanced Technology Coin,arccropperfinance,CropperFinance,crpgraviton,Graviton,gtongrimtoken,GrimToken,grimpoa-network,POA Network,poafairgame,FairGame,fairspheroid-universe,Spheroid Universe,sphdovu,Dovu,dovhakka-finance,Hakka Finance,hakkacoinfirm-amlt,AMLT Network,amltcredits,CREDITS,cspillar,Pillar,plrchainge-finance,Chainge Finance,chngtokenomy,Tokenomy,tenxxxnifty,xxxNifty,nsfwall-sports,All Sports,soctrava-finance,Trava Finance,travaenigma,Enigma,engindexed-finance,Indexed Finance,ndxeffect-network,Effect Network,efxodyssey,Odyssey,ocnvidya,Vidya,vidyalendingblock,Lendingblock,lndarcher-dao-governance-token,Archer DAO Governance Token,archtime-new-bank,Time New Bank,tnbclintex-cti,ClinTex CTi,ctihara-token,Hara Token,hartpluton,Pluton,plugspi,Shopping.io Governance,gspizmine,ZMINE,zmndefidollar,DefiDollar,dusdunidex,UniDex,unidxagrello,Agrello,dltavaxlauncher,Avaxlauncher,avxlmirrored-ishares-gold-trust,Mirrored iShares Gold Trust,miaucompound-wrapped-btc,cWBTC,cwbtcswarm-markets,Swarm Markets,smtcharged-particles,Charged Particles,ionxsatt,SaTT,sattxmax,XMax,xmxnix-bridge-token,Voice Token,voicerelay-token,Relay Token,relayether-1,Etho Protocol,ETHOb20,B20,b20nervenetwork,NerveNetwork,nvtfeeder-finance,Feeder Finance,feedsignata,Signata,satahelmet-insure,Helmet Insure,helmetpowertrade-fuel,PowerTrade Fuel,ptfherofi,HeroFi,heroeggcato,CATO,catovaiot,Vaiot,vaiyel-finance,Yel.Finance,yelblocknet,Blocknet,blockbigshortbets,BigShortBets,bigsbjulien,JULIEN,juliencryptomeda,Cryptomeda,techanrkey-x,AnRKey X,$anrxsnowball-token,Snowball,snobverox,Verox,vrxoiler,Oiler,oile-money-eur,e-Money EUR,eeurrevain,Revain,revtop-network,TOP Network,topegretia,Egretia,egtstructure-finance,Structure Finance,stfthe-abyss,Abyss,abyssmettalex,Mettalex,mtlxwaultswap,WaultSwap,wexdify-finance,Dify.Finance,yfiiirupiah-token,Rupiah Token,idrtbibox-token,Bibox Token,bixpickle-finance,Pickle Finance,picklekambria,Kambria,katcarvertical,carVertical,cvsunny-aggregator,Sunny Aggregator,sunnyghost-by-mcafee,Ghost,ghostdigitalnote,DigitalNote,xdnvexanium,Vexanium,vexany-blocknet,ANY Blocknet,ablockoin-finance,OIN Finance,oininventoryclub,InventoryClub,vntspendcoin,Spendcoin,spndrbase-finance,rbase.finance,rbasee1337,1337,1337percent,Percent,pctachain,Achain,actcardence,Cardence,$crdntrabzonspor-fan-token,Trabzonspor Fan Token,tramarketmove,MarketMove,moveroseon-finance,Roseon Finance,rosnauruscoin,AurusDeFi,awxbanana,Banana,bananahappyfans,HappyFans,happystarname,Starname,iovidle,IDLE,idleairbloc-protocol,Airbloc,ablunido-ep,Unido,udobrokoli,Brokoli,brkloduwa-coin,Oduwa Coin,owcbitspawn,Bitspawn,spwntrueflip,TrueFlip,tflnearpad,NearPad,padrigoblock,RigoBlock,grgelectronicgulden,Electronic Gulden,eflbirake,Birake,bircybermiles,CyberMiles,cmthitchain,HitChain,hitcoreto,Coreto,corcompound-augur,cREP,crepdinox,DinoX,dnxcjur,Jur,jurpastel,Pastel,pslfalcon-token,Falcon Project,fntmobifi,MobiFi,mofiblock-commerce-protocol,Block Commerce Protocol,bcphorizon-protocol,Horizon Protocol,hznbitcny,bitCNY,bitcnycoin,Coin,coinx-cash,X-CASH,xcashhedget,Hedget,hgetdefiner,DeFiner,finoceanex-token,OceanEX Token,ocerestart-energy,Restart Energy,mwatunion-protocol-governance-token,UNION Protocol Governance Token,unnmetaverse-miner,Metaverse Miner,METAmidas,Midas,midascharg-coin,Charg Coin,chgblockchain-certified-data-token,EvidenZ,bcdtunicly-bored-ape-yacht-club-collection,Unicly Bored Ape Yacht Club Collection,uAPEbscstarter,Starter.xyz,startonx-finance,OnX Finance,onxgrey-token,Grey Token,greytenx,TenX,paygenesis-pool,Genesis Pool,gpooldapp-com,Dapp.com,dapptdappnode,DAppNode,nodeenergy-ledger,Energy Ledger,elxjackpot,Jackpot,777mch-coin,MCH Coin,mchcbnpl-pay,BNPL Pay,bnplauric-network,Auric Network,auscmcreampye,Creampye,pyeioi-token,QORPO,ioivanilla-network,Vanilla Network,vnlafinance-vote,Finance Vote,fvtutopia,Crypton,crpunlimitedip,UnlimitedIP,uipequos-origin,EQO,eqoethverse,Ethverse,ethvsirin-labs-token,Sirin Labs Token,srnsarcophagus,Sarcophagus,sarcovalue-liquidity,Value DeFi,valuewolfsafepoorpeople,WolfSafePoorPeople,wsppgovernor-dao,Governor DAO,gdaobankless-bed-index,Bankless BED Index,bedaskobar-network,Asko,askosmartcredit-token,SmartCredit Token,smartcreditiot-chain,IoT Chain,itcxio,Blockzero Labs,xiolunaland,LunaLand,llncache-gold,CACHE Gold,cgtindahash,indaHash,idhholyheld-2,Mover,movecommunifty,Communifty,cnftfuel-token,Jetfuel Finance,fuelbasketdao-defi-index,BasketDAO DeFi Index,bdisail,SAIL,sailhowdoo,Hyprr (Howdoo),udoowagerr,Wagerr,wgrfastswap-bsc,Fastswap (BSC),fastdune,Dune,dununslashed-finance,Unslashed Finance,usfmedishares,MediShares,mdscarbon,Carbon,crbndrops-ownership-power,Drops Ownership Power,doprevault-network,Revault Network,revahigh-performance-blockchain,High Performance Blockchain,hpbelk-finance,Elk Finance,elkswapdex,SwapDEX,sdxrendoge,renDOGE,rendogeagave-token,Agave Token,agveunimex-network,UniMex Network,umxhundred-finance,Hundred Finance,hndwoofy,Woofy,woofyonooks,Onooks,ookswasabix,WasabiX,wasabiherocoin,HEROcoin,playhodl-token,HODL 2.0,hodlycash,Ycash,yecnft-protocol,NFT Protocol,nfthydro-protocol,Hydro Protocol,hotxvix,XVIX,xvixmooncoin,Mooncoin,moonkawaii-islands,Kawaii Islands,kwtunicly-hashmasks-collection,Unicly Hashmasks Collection,umaskintegral,Integral,itgrpolka-city,Polkacity,polcwowswap,WOWswap,wowequilibrium-eosdt,Equilibrium EOSDT,eosdtalpha-impact,Alpha Impact,impactenreachdao,EnreachDAO,nrchswapz-app,SWAPZ.app,swapzidena,Idena,iDNAgoldcoin,Goldcoin,glccitizen-finance,Citizen Finance,cifibeowulf,Beowulf,bwforakuru,Orakuru,orkcnns,CNNS,cnnsunicly-mystic-axies-collection,Unicly Mystic Axies Collection,uaxiesafe-deal,SafeDeal,sfdsolanax,Solanax,soldputincoin,PutinCoin,put42-coin,42-coin,42neurotoken,Neurotoken,ntkporta,Porta,kianverisafe,VeriSafe,vsfispolink,Ispolink,ispexrnchain,EXRNchain,exrnmist,Mist,mistphoenixdao,PhoenixDAO,phnxcentaur,Centaur,cntrfeathercoin,Feathercoin,ftccrosswallet,CrossWallet,cwtuncl,UNCL,unclconceal,Conceal,ccxmyriadcoin,Myriad,xmynyzo,Nyzo,nyzonapoleon-x,Napoleon X,npxqao,QAO,&#127760;slam-token,Slam Token,slamdexkit,DexKit,kitcrowdhero,CrowdHero,crwdbloom,Bloom,bltpaint,MurAll,paintshardus,Shardus,ultnsure-network,Nsure Network,nsurecat-token,Cat Token,catdfohub,dfohub,buidlsak3,SAKE,sak3unitrade,Unitrade,traderabbit-finance,Rabbit Finance,rabbitdogey-inu,Dogey-Inu,dinuyvault-lp-ycurve,yUSD,yvault-lp-ycurvesmartmesh,SmartMesh,smtwhiteheart,Whiteheart,whiteyield-optimization-platform,Yield Optimization Platform & Protocol,yoprelevant,Relevant,relacryptosi,ACryptoSI,acsicentric-cash,Centric Swap,cnstadpole-finance,Tadpole,tadethereans,Ethereans,osalpaca,Alpaca City,alpagolff,Golff,gofserey-coin,Serey Coin,srynft-index,NFT Index,nftiufocoin,Uniform Fiscal Object,ufoideaology,Ideaology,ideaethermon,Ethermon,emonpolkawar,PolkaWar,pwarverso,Verso,vsomogul-productions,Mogul Productions,starscrowny-token,Crowny Token,crwnythe-husl,The HUSL,huslreth2,rETH2,reth2thekey,THEKEY,tkynodeseeds,Nodeseeds,ndspetrachor,Petrachor,ptamoonedge,MoonEdge,moonedprcy-coin,PRCY Coin,prcypumapay,PumaPay,pmacoldstack,Coldstack,clsxsigma,xSigma,sigkangal,Kangal,kangalflare-token,Flare Token,1flrxwin-finance,xWIN Finance,xwinape-in,Ape In,apeindeeponion,DeepOnion,onionodem,ODEM,odemirrored-facebook,Mirrored Facebook,mfbpublic-index-network,Public Index Network,pincoinpoker,CoinPoker,chpvabble,Vabble,vabfloat-protocol-float,Float Protocol: Float,floatargo,ArGoApp,argonewdex-token,Newdex Token,dexelon-doge-token,ElonDoge Token,edogeunicly-fewocious-collection,Unicly Fewocious Collection,ufewosmaugs-nft,Smaugs NFT,smghandle-fi,handle.fi,forexneumark,Neumark,neugem-exchange-and-trading,Gem Exchange And Trading,gxtafreum,Afreum,afrgolden-doge,Golden Doge,gdogeceres,Ceres,ceresruff,Ruff,ruffsumokoin,Sumokoin,sumoversoview,VersoView,vvtaltrucoin,Altrucoin,altrucoinmoontography,Moontography,mtgymilkshakeswap,Milkshake Swap,milkbased-gold,Based Gold,bgldyee,Yee,yeeuniqly,Uniqly,uniqtoacoin,ToaCoin,toapancake-hunny,Pancake Hunny,hunnyaxpire,aXpire,axprsense,Sense,sensecitadel-one,Citadel.one,xctdev-protocol,Dev Protocol,devtendieswap,TendieSwap,tendieveriblock,VeriBlock,vbkdata,DATA,dtab-cube-ai,B-cube.ai,bcubemerculet,Merculet,mvpvires-finance,Vires Finance,viresdextf,DEXTF,dextfeosbet,EarnBet,betcryptopay,Cryptopay,cpaystream-protocol,Stream Protocol,stplhybrix,Hybrix,hyyfdai-finance,YfDAI.finance,yf-dairevolve-games,Revolve Games,rpggleec-coin,Gleec Coin,gleecfind-your-developer,FYDcoin,fydunistake,Unistake,unistakeliquidus,Liquidus,liqmerge,Merge,mergegg-token,GG Token,ggtkscore-token,Score Token,scocelestial,Celestial,celtzenfuse,Zenfuse,zefuargon,Argon,argonbenchmark-protocol,Benchmark Protocol,markbitcore,BitCore,btxbnktothefuture,BnkToTheFuture,bftpotcoin,Potcoin,potcover-protocol,Cover Protocol,coverbeholder,Behodler,eyesdefi,sDEFI,sdefibeach-token,Beach Token,beachtreatdao,TreatDAO,treatsomee-social,SoMee.Social,someesync-network,Sync Network,synccube,Cube,autopaypolitan-token,Paypolitan Token,epanquadrant-protocol,Quadrant Protocol,equadyoyow,YOYOW,yoyowrisingsun,RisingSun,rsunopen-monetary-system,Open Monetary System,omsmonavale,Monavale,monayggdrash,Yggdrash,yeedkainet,KAINET,kainettrue-chain,TrueChain,truebig-data-protocol,Big Data Protocol,bdpyaxis,yAxis,yaxissimple-token,OST,ostpinkslip-finance,Pinkslip Finance,pslippocmon,PocMon (Old),pmonrocki,Rocki,rockisola-token,SOLA Token,solaauroracoin,Auroracoin,aurdmm-governance,DMM: Governance,dmgsuncontract,SunContract,sncgravity-finance,Gravity Finance,gfizero-exchange,0.exchange,zerolinkeye,Linkeye,letixicash,IxiCash,ixioneeth,oneETH,oneethteddy,Teddy,teddyb21,B21,b21matryx,MATRYX,mtxindorse,Indorse,indcook,Cook,cookbeliever,BELIEVER,blvrminikishu,MINIKISHU,MINIKISHUotocash,OTOCASH,otodracula-token,Dracula Token,drcsafcoin,SafCoin,safcatbread,CatBread,catbreadplotx,PlotX,plotboscoin-2,BOScoin,boswault-finance-old,Wault Finance (OLD),waultadd-xyz-new,Add.xyz (NEW),addtycoon,Tycoon,tycblackcoin,BlackCoin,blkemanate,Emanate,EMTkalmar,Kalmar,kalmethichub,EthicHub,ethixmirrored-airbnb,Mirrored Airbnb,mabnbcompound-sai,cSAI,csaisake-token,SakeToken,sakestatera,Statera,staquark,Quark,qrktopbidder,TopBidder,bidempty-set-dollar,Empty Set Dollar,esdodin-protocol,Odin Protocol,odinphuture,Phuture,phtrunifi,Covenants,unifiapy-vision,APY.vision,visionmirrored-proshares-vix,Mirrored ProShares VIX,mvixydigix-gold,Digix Gold,dgxphantasma-energy,Phantasma Energy,kcalhempcoin-thc,Hempcoin,thcsnowswap,Snowswap,SNOWgreentrust,GreenTrust,gntdos-network,DOS Network,dospolkaex,PolkaEx,pkexfootballstars,FootballStars,ftscub-finance,Cub Finance,cubbattle-pets,Battle Pets,pettiki-token,Tiki Token,tikidefire,DeFIRE,cwapternio,Ternio,terndaex,DAEX,daxaga-token,AGA Token,agalaunchx,LaunchX,lnchxwepower,WePower,wprunifarm,UniFarm,ufarmcpchain,CPChain,cpcdavinci-token,DaVinci Token,vinciinfinitypad,InfinityPad,infpmarginswap,Marginswap,mfiyou-chain,YOU Chain,youmirrored-goldman-sachs,Mirrored Goldman Sachs,mgscofix,CoFiX,cofipawtocol,Pawtocol,upisekuritance,Sekuritance,skrtvibe,VIBE,vibesafemooncash,SafeMoonCash,safemooncashperi-finance,PERI Finance,periwings,Wings,wingsaluna,Aluna,alndaostack,DAOstack,gencryptokek,Cryptokek,kekcloutcontracts,CloutContracts,ccsswapfolio,Swapfolio,swflsubme,Subme,subrainbow-token,HaloDAO,rnbwwaifu-token,Waifu Token,waifseen,SEEN,seenprops,Props Token,propsvipstarcoin,VIPSTARCOIN,vipsapyswap,APYSwap,apyssapien,Sapien,spnmasq,MASQ,masqpower-index-pool-token,Power Index Pool Token,piptdarwinia-commitment-token,Darwinia Commitment Token,ktonswag-finance,SWAG Finance,swageleven-finance,Eleven Finance,ele1world,1World,1woprimecoin,Primecoin,xpminvestin,Investin,ivn8pay,8Pay,8paytabank,Tabank,tabpinkcoin,Pinkcoin,pinkbnsd-finance,BNSD Finance,bnsdface,Faceter,facepolylauncher,Polylauncher,angeltera-smart-money,TERA,terametaverse-nft-index,Metaverse NFT Index,PLAYsint-truidense-voetbalvereniging,Sint-Truidense Voetbalvereniging Fan Token,stvmegacryptopolis,MegaCryptoPolis,megaplair,Plair,plaforefront,Forefront,ffakamaru-inu,Akamaru Inu,akamaruulord,Ulord,utucash,U.CASH,ucashaichain,AICHAIN,aitpiedao-balanced-crypto-pie,PieDAO Balanced Crypto Pie,bcpmirrored-gamestop,Mirrored GameStop,mgmeboom-token,Boom Token,boomblackhat-coin,BlackHat Coin,blkcutu-coin,UTU Coin,utustellite,Scala,xladimecoin,Dimecoin,dimepiedao-defi-large-cap,PieDAO DEFI Large Cap,defi+lmirrored-amc-entertainment,Mirrored AMC Entertainment,mamcsafeswap,Safeswap,ssgtlead-token,Lead Token,leademercoin,EmerCoin,emcbitwin24,Bitwin24,bwihappycoin,HappyCoin,happycafeswap-token,CafeSwap Token,brewgridcoin-research,Gridcoin,grcqiibee,qiibee,qbxresfinex-token,Resfinex Token,reszoomswap,ZoomSwap,zoomixcoin,Ixcoin,ixccloakcoin,Cloakcoin,cloakdehive,DeHive,dhvyield-protocol,Yield Protocol,yieldoctofi,OctoFi,octoworld-token,World Token,worldsurf-finance,Surf.Finance,surfbuying,Buying.com,buydenarius,Denarius,dless-network,Less Network,lesslinka,LINKA,linkanon-fungible-yearn,Non-Fungible Yearn,nfyaga-rewards-2,AGA Rewards,agarsuperlauncher,SuperLauncher,launchtoken-tkx,Token TKX,tkxpolkarare,Polkarare,prareaudiocoin,AudioCoin,adcu-network,U Network,uuuspiderdao,SpiderDAO,spdrhonest-mining,Honest,hnstpolkalokr,Polkalokr,lkropenswap,OpenSwap,oswapwheat-token,Wheat Token,wheatxkawa,xKAWA,xkawaedgeless,Edgeless,edgsomee-social-old,SoMee.Social [OLD],ongcardwallet,CardWallet,cwdoki-doki-finance,Doki Doki,dokibinance8,Binance8,b8blind-boxes,Blind Boxes,blesdigicol-token,DigiCol Token,dgcloctopus-protocol,Octopus Protocol,opsearnx,EarnX,earnxkrown,KROWN,krwamoveo,Amoveo,veowault,Wault,waultxultrain,Ultrain,ugasgivly-coin,GIV Token,givpar-stablecoin,Parallel,parares-protocol,Ares Protocol,aresalmace-shards,Almace Shards,almxvdv-token,VDV Token,vdvxeta-reality,Xeta Reality,xetasureremit,SureRemit,rmtvault,VAULT,vaultgreen-beli,Green Beli,grbeswarm,Swarm Network,swmaezora,Aezora,azrauctus,Auctus,aucryo,Ryo Currency,ryochonk,Chonk,chonkopen-governance-token,OPEN Governance Token,opencurecoin,Curecoin,curebcpay-fintech,BCPAY FinTech,bcpaydecubate,Decubate,dcbkulupu,Kulupu,klpbitscreener,BitScreener,bitxfandom-chain,Fandom Chain,kdclegolas-exchange,LGO Token,lgoquiverx,QuiverX,qrxcrd-network,CRD Network,crdthe-rare-antiquities-token,The Rare Antiquities Token,ratkurobi,Kurobi,kurolendefi,Lendefi,ldfibismuth,Bismuth,bissolanasail-governance-token,SolanaSail Governance Token,gsailevedo,Evedo,evedlitex,LITEX,lxtrope-token,Rope Token,ropedextrust,Dextrust,detsbeach-token-bsc,Beach Token BSC,beachtardigrades-finance,Tardigrades Finance,trdgwaterfall-governance-token,Waterfall Governance Token,wtftosdis,TosDis,disbabylons,Babylons,babigame-ace-token,Game Ace Token,gatpapel,Papel Token,papeltokpie,TOKPIE,tkpfsw-token,Falconswap,fswsuqa,SINOVATE,sintaodao,TaoDAO,taopolis,Polis,polisblox-token,Blox Token,bloxrenzec,renZEC,renzeceddaswap,EDDASwap,eddakittenfinance,KittenFinance,kifchainswap,Chainswap,asapdefidollar-dao,DefiDollar DAO,dfdbull-coin,Bull Coin,bullleverj-gluon,Leverj Gluon,l2exchangecoin,ExchangeCoin,exccberry-data,Berry Data,bryadamant-messenger,ADAMANT Messenger,admwaultswap-polygon,WaultSwap Polygon,wexpolysomee-advertising-token,SoMee Advertising Token,satbasis-cash,Basis Cash,bacadvertise-coin,Advertise Coin,adcochads-vc,CHADS VC,chadsbaanx,Baanx,bxxchartex,ChartEx,chartquai-dao,Quai Dao,quaiassy-index,ASSY Index,assythe-4th-pillar,4thpillar technologies,fouromni,Omni,omnideficliq,DefiCliq,cliqmochi-market,Mochi Market,momanft-stars,NFT Stars,nftspeanut,Peanut,nuxmatrixetf,MatrixETF,mdfessentia,Essentia,essadbank,adbank,adbvericoin,VeriCoin,vrcdigitex-futures-exchange,Digitex Token,dgtxkatalyo,Katalyo,ktlyogamyfi-token,GamyFi Token,gfxethbox-token,Ethbox Token,eboxlibra-credit,LibraToken,lbayieldwatch,Yieldwatch,watchcoin-artist,Coin Artist,coinokcash,OKCash,okzero,Zero,zermetric-exchange,MetricExchange,metricbasketcoin,BasketCoin,bsktskull,Skull,skullscry-info,Scry.info,dddmorphie,Morphie,mrfizoracles,Zoracles,zorakineko,Kineko,kkonextexchange,NEXT,nextkampay,Kampay,kampaygoose-finance,Goose Finance,eggupfiring,Upfiring,ufrsashimi,Sashimi,sashimicrusaders-of-crypto,Crusaders of Crypto,crusaderupdog,UpDog,updogmomento,Momento,momentodigital-reserve-currency,Digital Reserve Currency,drctripio,Tripio,trioxfinance,Xfinance,xfibishares,BiShares,bisonfortress,Fortress,ftshollygold,HollyGold,hgoldmuseum-of-crypto-art,Museum of Crypto Art,mocabased-money,Based Money,$basedaspire,Aspire,aspcashcow,CashCow,cowbobs_repair,Bob's Repair,bobairight,aiRight,airicryptobulls-token,Cryptobulls Token,cbtholy-trinity,Holy Trinity,holytapmydata,Tapmydata,tapnight-life-crypto,Night Life Crypto,nlifemachix,Machi X,mcxoption-room,OptionRoom,roomunvest,Unvest,unvname-changing-token,Name Change Token,nctpatientory,Patientory,ptoyscifi-index,SCIFI Index,scifinftlootbox,NFTLootBox,lootbittube,BitTube,tubesphere,Sphere,sphrphoenix-token,Phoenix Token,phxrobotina,Robotina,roxspherium,Spherium,sphriorigo,Origo,ogogeyser,Geyser,gysrsignaturechain,SignatureChain,signyield,Yield,yldrelite-finance,Relite Finance,relicrown,Crown,crwcryptonovae,Cryptonovae,yaeditto,Ditto,dittopayrue,Propel,propelubex,Ubex,ubexskrumble-network,Skrumble Network,skmzip,Zipper Network,zipskyrim-finance,Skyrim Finance,skyrimstacker-ventures,Stacker Ventures,stackpiedao-defi,PieDAO DEFI++,defi++beekan,BeeKan / Beenews,bkbtnanjcoin,NANJCOIN,nanjflixxo,Flixxo,flixxswapr,Swapr,swprdisbalancer,disBalancer,ddoskeyfi,KeyFi,keyfiowndata,OWNDATA,ownfanstime,FansTime,ftitolar,Tolar,tolusechain,Usechain,usehumaniq,Humaniq,hmq2gether-2,2gether,2gtflits,Flits,flsspaceswap-milk2,Spaceswap MILK2,milk2landshare,Landshare,landwebchain,MintMe.com Coin,mintmecornichon,Cornichon,corndacxi,Dacxi,dacxipolytrade,Polytrade,traderoyale,Royale,royapeachfolio,Peachfolio,pchfrentible,Rentible,rnbreverse,Reverse,rvrshabitat,Habitat,hbtwrapped-dgld,Wrapped-DGLD,wdgldnolimitcoin,NoLimitCoin,nlc2chainium,WeOwn,chxmemetic,Memetic,memexaurum,Xaurum,xaurpolyient-games-governance-token,Polyient Games Governance Token,pgteurocoinpay,EurocoinToken,ecteazuki,Azuki,azukiexrt-network,EXRT Network,exrtendor,Endor Protocol Token,edrmochimo,Mochimo,mcmveil,VEIL,veilcotrader,CoTrader,cotsquirrel-finance,Squirrel Finance,nutsproxy,Proxy,prxylepricon,Lepricon,l3pabcc-token,ABCC Token,atwallfair,Wallfair,wfairbitcoin-plus,Bitcoin Plus,xbcnyan-v2,Nyan V2,nyan-2amon,Amon,amnsocial-good-project,SocialGood,sgpancake-bunny,Pancake Bunny,bunnypaypie,PayPie,pppethart,Items,artenabox,Nabox,naboxsparkpoint-fuel,SparkPoint Fuel,sfuelx8-project,X8X Token,x8xkeytango,keyTango,tangocnn,Content Neutrality Network,cnnbgov,BGOV,bgovtradestars,TradeStars,tsxyfbitcoin,YFBitcoin,yfbtcbondappetit-gov-token,BondAppetit Governance Token,bagiteration-syndicate,Iteration Syndicate,ITSrare,Rare,rareinmediate,Direct Insurance Token,ditportion,Portion,prtdark-magic,Dark Magic,dmagicbomb,BOMB,bombeosdac,eosDAC,eosdaczusd,ZUSD,zusddollars,Dollars,usdxfurukuru,Furukuru,fukulever-network,Lever Network,levalgovest,AlgoVest,avsflurry,Flurry Finance,flurrydprating,DPRating,ratingbitcoinvend,BitcoinVend,bcvtdata-economy-index,Data Economy Index,datamonetaryunit,MonetaryUnit,muehashgard,Hashgard,gardnetbox-coin,Netbox Coin,nbxhashcoin,HashCoin,hscstakedzen,StakedZEN,stzenaxis-defi,Axis DeFi,axisbuild-finance,BUILD Finance,buildstarbase,Starbase,starperth-mint-gold-token,Perth Mint Gold Token,pmgtstobox-token,Stobox Token,stbuplaycent,Playcent,pcntvox-finance,Vox.Finance,voxkarbo,Karbo,krbmultiplier,Multiplier,mxxcarbon-gems,Carbon GEMS,gemsfintrux,FintruX,ftxtipinu,Tipinu,tipinuzclassic,Zclassic,zclpepemon-pepeballs,Pepemon Pepeballs,ppblzthe-champcoin,The ChampCoin,tccpolinate,Polinate,poliparachute,Parachute,paryoung-boys-fan-token,Young Boys Fan Token,ybotidex-token,Tidex Token,tdxbasis-share,Basis Share,basearnbase,Earnbase,ENBrobust-token,Robust Token,rbtsmileycoin,Smileycoin,smlytopinvestmentcoin,TICOEX Token (Formerly TopInvestmentCoin),ticobankroll-network,Bankroll Network,bnkrsav3,SAV3,sav3canyacoin,CanYaCoin,candynamic-set-dollar,Dynamic Set Dollar,dsdvid,Vid,viyoloverse,YoloVerse,yolovphore,Phore,phrpivot-token,Pivot Token,pvtbutterfly-protocol-2,Butterfly Protocol,bflypolkaparty,PolkaParty,polpe-sport-betting-coin,ESBC,esbcdefi-top-5-tokens-index,DEFI Top 5 Index,defi5nft-platform-index,NFT Platform Index,NFTPdefi-omega,DeFi Omega,dfioterablock,TeraBlock,tbcpear,Pear,pearmyx-network,MYX Network,myxsecure-pad,Secure Pad,sepacryptex,CryptEx,crxcollateral-pay,Collateral Pay,collmenlo-one,Menlo One,onenfta,NFTA,nftamacaronswap,MacaronSwap,mcrnroge,Rogue Doge,rogezlot,zLOT,zlotpixl-coin-2,Pixl Coin,pxlcremme,Remme,remchi-gastoken-bsc,Chi Gastoken (BSC),chiysl-io,YSL.IO,syslmywish,MyWish,wishafen-blockchain,AFEN Blockchain,afenpotentiam,Potentiam,ptmpolkacipher,PolkaCipher,cphrmars,Mars,marswrapped-origin-axie,Wrapped Origin Axie,woacheesefry,CheeseFry,cheesepacific-defi,Pacific DeFi,pacificinfinito,Infinito,inftshield-finance,Shield Finance,shldgeodb,GeoDB,geodaoventures,DAOventures,dvd2local-2,2local,2lciridium,Iridium,irdblock-duelers,Block Duelers,bdtmedicalchain,Medicalchain,mtnlien,Lien,liendonut,Donut,donutglobalboost,GlobalBoost-Y,bstynoderunners,Node Runners,ndrrage-fan,Rage.Fan,rageatromg8,ATROMG8,ag8uranus,Uranus,uracethergem,EtherGem,egembright-union,Bright Union,brightprofessional-fighters-league-fan-token,Professional Fighters League Fan Token,pflcapital-finance,Capital.finance,caparqma,ArQmA,arqyellow-road,Yellow Road,roadlocalcoinswap,LocalCoinSwap,lcsotcbtc-token,OTCBTC Token,otbdefi-wizard,DeFi Wizard,dwzsilent-notary,Silent Notary,ubsnmm-token,MM Token,mmmoneytoken,MoneyToken,imtsilverstonks,Silver Stonks,sstxbuzzcoin,BuzzCoin,buzzwrapped-gen-0-cryptokitties,Wrapped Gen-0 CryptoKitties,wg0flypme,FlypMe,fypalliance-fan-token,Alliance Fan Token,allcryptotycoon,CryptoTycoon,cttspice-finance,SPICE,spicetwinci,Twinci,twinnix-platform,NIX,nixdexfolio,Dexfolio,dexfmotacoin,MotaCoin,motamedical-token-currency,Doc.com,mtczippie,Zippie,ziptbartertrade,BarterTrade,bartdino-exchange,Dino Exchange,dinomaza,Maza,mzcbitto-exchange,BITTO,BITTOneurochain,NeuroChain,nccpiedao-defi-small-cap,PieDAO DEFI Small Cap,DEFI+Smoontools,MoonTools,moonspromodio,Promodio,pmdprimas,Primas,pstvortex-defi,Vortex DeFi,vtxdaps-token,DAPS Coin,dapscoinfi,CoinFi,cofimercury,Mercury,merdepth-token,Depth Token,depskull-candy-shards,Skull Candy Shards,candyinternxt,Internxt,inxttrollbox,trollbox,toxac-exchange-token,ACDX Exchange Token,acxtnftify,NFTify,n1exzocoin,ExzoCoin 2.0,exzolyra,Lyra,lyrzeitcoin,Zeitcoin,zeitxiotri,Xiotri,xiot2key,2key.network,2keyauxilium,Auxilium,auxbintex-futures,Bintex Futures,bntxbitcoin-rhodium,xRhodium,xrcsada,sADA,sadacalicoin,CaliCoin,caligsenetwork,GSENetwork,gsevegawallet-token,VegaWallet Token,vgwetha-lend,ETHA Lend,ethaunicly-aavegotchi-astronauts-collection,Unicly Aavegotchi Astronauts Collection,ugotchiaidcoin,AidCoin,aiddelphy,Delphy,dpytrollcoin,Trollcoin,trollinvictus-capital-token,Invictus Capital Token,icapdmarket,DMarket,dmtdav,DAV Network,davbnb-cash,BNB Cash,bnbchkommunitas,Kommunitas,kombethereum,Bethereum,bethermmaon,MMAON,mmaonblockchain-cuties-universe-governance,Blockchain Cuties Universe Governance,bcugcontentbox,ContentBox,boxomni-real-estate-token,Omni Real Estate Token,ortbuysell,BuySell,bullbitgear,Bitgear,gearcomplifi,CompliFi,comfiallive,Allive,alvmrweb-finance,MrWeb Finance,amablue,Blue Protocol,bluechai,Chai,chaipiplcoin,PiplCoin,pipldefiville-island,DefiVille Island,islaunity-network,Unity Network,untpolkally,Polkally,kallypakcoin,Pakcoin,pakmultipad,MultiPad,mpadmoar,Moar Finance,moardomraider,DomRaider,drtcatex-token,Catex Token,cattfont,Font,fontfera,Fera,ferarobonomics-web-services,Robonomics Web Services,rwsaxioms,Axioms,axisharder-protocol,Sharder protocol,ssblack-eye-galaxy,Black Eye Galaxy,byggenix,Genix,genixmoneybyte,MoneyByte,moncryption-network,Cryption Network,cntsmoothy,Smoothy,smtyfreicoin,Freicoin,frcbitball,Bitball,btbbitdegree,BitDegree,bdgvidulum,Vidulum,vdldeflect,Deflect,deflctsolaris,Solaris,xlrbabyusdt,BabyUSDT,babyusdtbonfi,BonFi,bnfdragonbite,DragonBite,bitecbdao,CBDAO,breesoar-2,Soar,soarempty-set-share,Empty Set Share,esshugo-finance,Hugo Finance,hugobinapet,Binapet,bpetultralpha,UltrAlpha,uatolivecash,Olive Cash,olivepiratecash,PirateCash,piratesynchrolife,SynchroLife,sycvirgox-token,VirgoX Token,vxtrac,RAC,racshield-protocol,Shield Protocol,shieldsnowgem,TENT,tentclub-atletico-independiente,Club Atletico Independiente Fan Token,cailightstreams,Lightstreams Photon,phtgowithmi,GoWithMi,gmatcarlive-chain,Carlive Chain,iov0xcert,0xcert,zxcpolkadomain,PolkaDomain,namesmartofgiving,smARTOFGIVING,aogimo,IMO,imoionomy,Ionomy,ionastrotools,AstroTools,astropylon-network,Pylon Network,pylntbitcoin-green,Bitcoin Green,bitgtotemfi,TotemFi,totmsubstratum,Substratum,subdynamite,DoYourTip,dytmoonx-2,MoonX,MoonXdefit,Digital Fitness,defitwolfsafepoorpeople-polygon,WolfSafePoorPeople Polygon,wsppqwertycoin,Qwertycoin,qwc